,labels,preds
0,tensor(5),tensor(5)
1,tensor(13),tensor(13)
2,tensor(9),tensor(13)
3,tensor(14),tensor(14)
4,tensor(9),tensor(9)
5,tensor(0),tensor(0)
6,tensor(4),tensor(3)
7,tensor(12),tensor(12)
8,tensor(9),tensor(9)
9,tensor(9),tensor(9)
10,tensor(5),tensor(5)
11,tensor(2),tensor(2)
12,tensor(3),tensor(3)
13,tensor(4),tensor(13)
14,tensor(2),tensor(2)
15,tensor(0),tensor(10)
16,tensor(11),tensor(11)
17,tensor(11),tensor(11)
18,tensor(14),tensor(14)
19,tensor(12),tensor(12)
20,tensor(9),tensor(11)
21,tensor(0),tensor(0)
22,tensor(0),tensor(2)
23,tensor(14),tensor(14)
24,tensor(10),tensor(10)
25,tensor(0),tensor(0)
26,tensor(8),tensor(8)
27,tensor(3),tensor(3)
28,tensor(1),tensor(1)
29,tensor(5),tensor(7)
30,tensor(12),tensor(12)
31,tensor(6),tensor(6)
32,tensor(3),tensor(3)
33,tensor(3),tensor(3)
34,tensor(5),tensor(5)
35,tensor(4),tensor(4)
36,tensor(6),tensor(6)
37,tensor(6),tensor(6)
38,tensor(0),tensor(0)
39,tensor(2),tensor(2)
40,tensor(11),tensor(11)
41,tensor(13),tensor(4)
42,tensor(2),tensor(2)
43,tensor(7),tensor(7)
44,tensor(1),tensor(1)
45,tensor(10),tensor(10)
46,tensor(12),tensor(12)
47,tensor(5),tensor(5)
48,tensor(9),tensor(9)
49,tensor(1),tensor(1)
50,tensor(12),tensor(12)
51,tensor(10),tensor(10)
52,tensor(11),tensor(11)
53,tensor(11),tensor(11)
54,tensor(9),tensor(13)
55,tensor(2),tensor(2)
56,tensor(0),tensor(0)
57,tensor(0),tensor(0)
58,tensor(13),tensor(6)
59,tensor(14),tensor(10)
60,tensor(11),tensor(11)
61,tensor(3),tensor(3)
62,tensor(7),tensor(7)
63,tensor(4),tensor(4)
64,tensor(3),tensor(3)
65,tensor(13),tensor(13)
66,tensor(13),tensor(13)
67,tensor(11),tensor(10)
68,tensor(0),tensor(0)
69,tensor(6),tensor(6)
70,tensor(14),tensor(10)
71,tensor(8),tensor(8)
72,tensor(5),tensor(5)
73,tensor(0),tensor(0)
74,tensor(11),tensor(11)
75,tensor(10),tensor(10)
76,tensor(6),tensor(6)
77,tensor(4),tensor(4)
78,tensor(13),tensor(13)
79,tensor(14),tensor(14)
80,tensor(7),tensor(7)
81,tensor(4),tensor(4)
82,tensor(0),tensor(0)
83,tensor(11),tensor(11)
84,tensor(11),tensor(11)
85,tensor(0),tensor(0)
86,tensor(1),tensor(1)
87,tensor(0),tensor(0)
88,tensor(0),tensor(7)
89,tensor(2),tensor(2)
90,tensor(13),tensor(4)
91,tensor(9),tensor(9)
92,tensor(2),tensor(2)
93,tensor(10),tensor(12)
94,tensor(14),tensor(14)
95,tensor(4),tensor(4)
96,tensor(0),tensor(14)
97,tensor(4),tensor(4)
98,tensor(6),tensor(6)
99,tensor(6),tensor(13)
100,tensor(12),tensor(12)
101,tensor(14),tensor(14)
102,tensor(7),tensor(7)
103,tensor(2),tensor(2)
104,tensor(14),tensor(14)
105,tensor(2),tensor(2)
106,tensor(12),tensor(12)
107,tensor(3),tensor(4)
108,tensor(0),tensor(7)
109,tensor(9),tensor(9)
110,tensor(9),tensor(9)
111,tensor(14),tensor(10)
112,tensor(6),tensor(6)
113,tensor(6),tensor(7)
114,tensor(6),tensor(6)
115,tensor(3),tensor(3)
116,tensor(12),tensor(12)
117,tensor(1),tensor(10)
118,tensor(6),tensor(6)
119,tensor(10),tensor(14)
120,tensor(9),tensor(9)
121,tensor(2),tensor(2)
122,tensor(4),tensor(4)
123,tensor(8),tensor(8)
124,tensor(8),tensor(8)
125,tensor(2),tensor(2)
126,tensor(6),tensor(6)
127,tensor(11),tensor(11)
128,tensor(1),tensor(1)
129,tensor(5),tensor(5)
130,tensor(0),tensor(0)
131,tensor(6),tensor(6)
132,tensor(4),tensor(13)
133,tensor(11),tensor(11)
134,tensor(0),tensor(0)
135,tensor(13),tensor(9)
136,tensor(3),tensor(3)
137,tensor(8),tensor(7)
138,tensor(5),tensor(5)
139,tensor(7),tensor(7)
140,tensor(10),tensor(10)
141,tensor(2),tensor(2)
142,tensor(1),tensor(1)
143,tensor(9),tensor(9)
144,tensor(5),tensor(5)
145,tensor(14),tensor(11)
146,tensor(12),tensor(4)
147,tensor(5),tensor(7)
148,tensor(10),tensor(10)
149,tensor(2),tensor(6)
150,tensor(9),tensor(9)
151,tensor(8),tensor(7)
152,tensor(9),tensor(9)
153,tensor(5),tensor(7)
154,tensor(12),tensor(12)
155,tensor(4),tensor(4)
156,tensor(5),tensor(5)
157,tensor(0),tensor(0)
158,tensor(0),tensor(0)
159,tensor(6),tensor(6)
160,tensor(5),tensor(5)
161,tensor(14),tensor(14)
162,tensor(13),tensor(13)
163,tensor(13),tensor(9)
164,tensor(13),tensor(13)
165,tensor(1),tensor(1)
166,tensor(7),tensor(7)
167,tensor(4),tensor(7)
168,tensor(4),tensor(4)
169,tensor(5),tensor(7)
170,tensor(2),tensor(2)
171,tensor(0),tensor(0)
172,tensor(3),tensor(3)
173,tensor(6),tensor(10)
174,tensor(13),tensor(13)
175,tensor(5),tensor(5)
176,tensor(2),tensor(2)
177,tensor(14),tensor(14)
178,tensor(8),tensor(8)
179,tensor(4),tensor(10)
180,tensor(5),tensor(5)
181,tensor(14),tensor(14)
182,tensor(11),tensor(11)
183,tensor(9),tensor(12)
184,tensor(0),tensor(0)
185,tensor(3),tensor(3)
186,tensor(8),tensor(4)
187,tensor(2),tensor(2)
188,tensor(1),tensor(9)
189,tensor(11),tensor(11)
190,tensor(12),tensor(12)
191,tensor(5),tensor(5)
192,tensor(6),tensor(6)
193,tensor(11),tensor(9)
194,tensor(6),tensor(6)
195,tensor(14),tensor(14)
196,tensor(11),tensor(11)
197,tensor(6),tensor(6)
198,tensor(5),tensor(5)
199,tensor(5),tensor(5)
200,tensor(7),tensor(7)
201,tensor(11),tensor(11)
202,tensor(2),tensor(2)
203,tensor(12),tensor(12)
204,tensor(11),tensor(14)
205,tensor(4),tensor(4)
206,tensor(0),tensor(13)
207,tensor(5),tensor(5)
208,tensor(13),tensor(13)
209,tensor(9),tensor(9)
210,tensor(8),tensor(8)
211,tensor(3),tensor(3)
212,tensor(0),tensor(0)
213,tensor(9),tensor(9)
214,tensor(0),tensor(4)
215,tensor(7),tensor(0)
216,tensor(3),tensor(3)
217,tensor(11),tensor(11)
218,tensor(6),tensor(6)
219,tensor(7),tensor(11)
220,tensor(2),tensor(2)
221,tensor(14),tensor(14)
222,tensor(6),tensor(6)
223,tensor(8),tensor(6)
224,tensor(7),tensor(7)
225,tensor(12),tensor(12)
226,tensor(4),tensor(4)
227,tensor(0),tensor(0)
228,tensor(13),tensor(13)
229,tensor(13),tensor(13)
230,tensor(13),tensor(13)
231,tensor(9),tensor(9)
232,tensor(13),tensor(13)
233,tensor(9),tensor(9)
234,tensor(14),tensor(14)
235,tensor(3),tensor(3)
236,tensor(12),tensor(12)
237,tensor(4),tensor(4)
238,tensor(10),tensor(10)
239,tensor(2),tensor(2)
240,tensor(8),tensor(8)
241,tensor(3),tensor(3)
242,tensor(3),tensor(3)
243,tensor(9),tensor(9)
244,tensor(5),tensor(5)
245,tensor(0),tensor(0)
246,tensor(0),tensor(0)
247,tensor(7),tensor(7)
248,tensor(10),tensor(10)
249,tensor(7),tensor(7)
250,tensor(2),tensor(2)
251,tensor(13),tensor(13)
252,tensor(8),tensor(8)
253,tensor(6),tensor(6)
254,tensor(13),tensor(13)
255,tensor(8),tensor(8)
256,tensor(10),tensor(10)
257,tensor(4),tensor(13)
258,tensor(1),tensor(1)
259,tensor(9),tensor(9)
260,tensor(6),tensor(6)
261,tensor(10),tensor(10)
262,tensor(5),tensor(13)
263,tensor(14),tensor(5)
264,tensor(6),tensor(6)
265,tensor(3),tensor(7)
266,tensor(7),tensor(6)
267,tensor(14),tensor(5)
268,tensor(10),tensor(0)
269,tensor(11),tensor(11)
270,tensor(12),tensor(12)
271,tensor(12),tensor(12)
272,tensor(9),tensor(9)
273,tensor(3),tensor(3)
274,tensor(12),tensor(12)
275,tensor(9),tensor(9)
276,tensor(14),tensor(0)
277,tensor(11),tensor(5)
278,tensor(8),tensor(14)
279,tensor(7),tensor(7)
280,tensor(10),tensor(14)
281,tensor(0),tensor(0)
282,tensor(5),tensor(5)
283,tensor(2),tensor(2)
284,tensor(4),tensor(4)
285,tensor(14),tensor(14)
286,tensor(14),tensor(14)
287,tensor(4),tensor(4)
288,tensor(13),tensor(13)
289,tensor(5),tensor(5)
290,tensor(11),tensor(8)
291,tensor(10),tensor(10)
292,tensor(6),tensor(6)
293,tensor(8),tensor(8)
294,tensor(6),tensor(6)
295,tensor(10),tensor(5)
296,tensor(9),tensor(9)
297,tensor(11),tensor(11)
298,tensor(5),tensor(5)
299,tensor(9),tensor(9)
300,tensor(12),tensor(4)
301,tensor(7),tensor(11)
302,tensor(8),tensor(8)
303,tensor(5),tensor(5)
304,tensor(11),tensor(11)
305,tensor(0),tensor(7)
306,tensor(3),tensor(3)
307,tensor(11),tensor(11)
308,tensor(10),tensor(10)
309,tensor(0),tensor(0)
310,tensor(8),tensor(8)
311,tensor(8),tensor(8)
312,tensor(1),tensor(1)
313,tensor(8),tensor(8)
314,tensor(1),tensor(1)
315,tensor(4),tensor(4)
316,tensor(5),tensor(5)
317,tensor(0),tensor(0)
318,tensor(1),tensor(1)
319,tensor(10),tensor(10)
320,tensor(7),tensor(7)
321,tensor(14),tensor(14)
322,tensor(0),tensor(0)
323,tensor(5),tensor(5)
324,tensor(14),tensor(14)
325,tensor(8),tensor(8)
326,tensor(7),tensor(7)
327,tensor(11),tensor(11)
328,tensor(8),tensor(8)
329,tensor(11),tensor(8)
330,tensor(13),tensor(5)
331,tensor(3),tensor(3)
332,tensor(8),tensor(8)
333,tensor(12),tensor(12)
334,tensor(1),tensor(1)
335,tensor(10),tensor(14)
336,tensor(6),tensor(6)
337,tensor(14),tensor(14)
338,tensor(6),tensor(6)
339,tensor(0),tensor(0)
340,tensor(9),tensor(9)
341,tensor(0),tensor(0)
342,tensor(7),tensor(6)
343,tensor(5),tensor(5)
344,tensor(5),tensor(5)
345,tensor(1),tensor(9)
346,tensor(2),tensor(2)
347,tensor(11),tensor(11)
348,tensor(0),tensor(0)
349,tensor(14),tensor(14)
350,tensor(1),tensor(1)
351,tensor(8),tensor(8)
352,tensor(10),tensor(10)
353,tensor(0),tensor(0)
354,tensor(1),tensor(1)
355,tensor(14),tensor(14)
356,tensor(2),tensor(2)
357,tensor(6),tensor(6)
358,tensor(1),tensor(1)
359,tensor(3),tensor(3)
360,tensor(11),tensor(7)
361,tensor(6),tensor(6)
362,tensor(6),tensor(6)
363,tensor(3),tensor(3)
364,tensor(4),tensor(4)
365,tensor(1),tensor(1)
366,tensor(14),tensor(14)
367,tensor(11),tensor(11)
368,tensor(9),tensor(1)
369,tensor(14),tensor(14)
370,tensor(14),tensor(14)
371,tensor(8),tensor(8)
372,tensor(11),tensor(5)
373,tensor(8),tensor(8)
374,tensor(2),tensor(0)
375,tensor(8),tensor(8)
376,tensor(2),tensor(2)
377,tensor(12),tensor(12)
378,tensor(4),tensor(0)
379,tensor(8),tensor(8)
380,tensor(10),tensor(10)
381,tensor(0),tensor(3)
382,tensor(10),tensor(14)
383,tensor(6),tensor(6)
384,tensor(11),tensor(11)
385,tensor(2),tensor(2)
386,tensor(0),tensor(0)
387,tensor(8),tensor(3)
388,tensor(11),tensor(11)
389,tensor(2),tensor(2)
390,tensor(3),tensor(14)
391,tensor(9),tensor(9)
392,tensor(6),tensor(6)
393,tensor(10),tensor(10)
394,tensor(10),tensor(10)
395,tensor(8),tensor(8)
396,tensor(9),tensor(9)
397,tensor(11),tensor(11)
398,tensor(12),tensor(5)
399,tensor(10),tensor(14)
400,tensor(10),tensor(10)
401,tensor(11),tensor(11)
402,tensor(8),tensor(8)
403,tensor(11),tensor(11)
404,tensor(13),tensor(3)
405,tensor(1),tensor(1)
406,tensor(5),tensor(5)
407,tensor(12),tensor(12)
408,tensor(7),tensor(3)
409,tensor(9),tensor(11)
410,tensor(4),tensor(4)
411,tensor(10),tensor(9)
412,tensor(0),tensor(0)
413,tensor(7),tensor(6)
414,tensor(1),tensor(1)
415,tensor(5),tensor(10)
416,tensor(3),tensor(3)
417,tensor(6),tensor(6)
418,tensor(10),tensor(10)
419,tensor(5),tensor(5)
420,tensor(3),tensor(3)
421,tensor(6),tensor(7)
422,tensor(4),tensor(3)
423,tensor(10),tensor(10)
424,tensor(12),tensor(9)
425,tensor(4),tensor(4)
426,tensor(6),tensor(6)
427,tensor(10),tensor(10)
428,tensor(14),tensor(10)
429,tensor(1),tensor(1)
430,tensor(8),tensor(8)
431,tensor(4),tensor(4)
432,tensor(1),tensor(1)
433,tensor(14),tensor(10)
434,tensor(13),tensor(4)
435,tensor(10),tensor(10)
436,tensor(5),tensor(5)
437,tensor(7),tensor(7)
438,tensor(2),tensor(2)
439,tensor(14),tensor(11)
440,tensor(9),tensor(9)
441,tensor(2),tensor(2)
442,tensor(6),tensor(6)
443,tensor(7),tensor(7)
444,tensor(1),tensor(1)
445,tensor(10),tensor(14)
446,tensor(11),tensor(11)
447,tensor(10),tensor(10)
448,tensor(5),tensor(5)
449,tensor(10),tensor(10)
450,tensor(9),tensor(9)
451,tensor(13),tensor(14)
452,tensor(13),tensor(6)
453,tensor(10),tensor(14)
454,tensor(10),tensor(10)
455,tensor(5),tensor(5)
456,tensor(4),tensor(4)
457,tensor(1),tensor(1)
458,tensor(12),tensor(12)
459,tensor(14),tensor(14)
460,tensor(6),tensor(6)
461,tensor(14),tensor(10)
462,tensor(10),tensor(14)
463,tensor(12),tensor(4)
464,tensor(1),tensor(1)
465,tensor(12),tensor(12)
466,tensor(1),tensor(1)
467,tensor(8),tensor(8)
468,tensor(5),tensor(5)
469,tensor(11),tensor(11)
470,tensor(8),tensor(8)
471,tensor(3),tensor(3)
472,tensor(12),tensor(8)
473,tensor(13),tensor(14)
474,tensor(0),tensor(0)
475,tensor(9),tensor(1)
476,tensor(12),tensor(12)
477,tensor(5),tensor(5)
478,tensor(11),tensor(11)
479,tensor(12),tensor(10)
480,tensor(8),tensor(8)
481,tensor(14),tensor(14)
482,tensor(3),tensor(3)
483,tensor(0),tensor(0)
484,tensor(13),tensor(13)
485,tensor(9),tensor(10)
486,tensor(13),tensor(13)
487,tensor(1),tensor(1)
488,tensor(11),tensor(11)
489,tensor(2),tensor(2)
490,tensor(8),tensor(14)
491,tensor(9),tensor(10)
492,tensor(5),tensor(5)
493,tensor(10),tensor(10)
494,tensor(8),tensor(8)
495,tensor(0),tensor(0)
496,tensor(1),tensor(1)
497,tensor(0),tensor(0)
498,tensor(11),tensor(11)
499,tensor(8),tensor(8)
500,tensor(3),tensor(3)
501,tensor(4),tensor(4)
502,tensor(10),tensor(10)
503,tensor(11),tensor(10)
504,tensor(6),tensor(6)
505,tensor(10),tensor(10)
506,tensor(6),tensor(6)
507,tensor(4),tensor(4)
508,tensor(12),tensor(12)
509,tensor(12),tensor(12)
510,tensor(4),tensor(4)
511,tensor(4),tensor(4)
512,tensor(10),tensor(10)
513,tensor(8),tensor(2)
514,tensor(5),tensor(5)
515,tensor(1),tensor(1)
516,tensor(7),tensor(7)
517,tensor(14),tensor(14)
518,tensor(10),tensor(10)
519,tensor(0),tensor(0)
520,tensor(11),tensor(11)
521,tensor(13),tensor(6)
522,tensor(13),tensor(13)
523,tensor(1),tensor(1)
524,tensor(2),tensor(2)
525,tensor(8),tensor(8)
526,tensor(8),tensor(8)
527,tensor(0),tensor(0)
528,tensor(3),tensor(11)
529,tensor(3),tensor(3)
530,tensor(7),tensor(7)
531,tensor(4),tensor(4)
532,tensor(14),tensor(14)
533,tensor(6),tensor(6)
534,tensor(1),tensor(1)
535,tensor(0),tensor(0)
536,tensor(12),tensor(12)
537,tensor(7),tensor(5)
538,tensor(10),tensor(10)
539,tensor(3),tensor(0)
540,tensor(2),tensor(2)
541,tensor(7),tensor(7)
542,tensor(13),tensor(13)
543,tensor(8),tensor(8)
544,tensor(9),tensor(10)
545,tensor(3),tensor(3)
546,tensor(12),tensor(12)
547,tensor(5),tensor(12)
548,tensor(8),tensor(8)
549,tensor(8),tensor(8)
550,tensor(14),tensor(14)
551,tensor(2),tensor(0)
552,tensor(11),tensor(11)
553,tensor(14),tensor(10)
554,tensor(2),tensor(2)
555,tensor(7),tensor(0)
556,tensor(5),tensor(5)
557,tensor(8),tensor(8)
558,tensor(5),tensor(5)
559,tensor(13),tensor(9)
560,tensor(0),tensor(0)
561,tensor(7),tensor(7)
562,tensor(7),tensor(11)
563,tensor(5),tensor(5)
564,tensor(1),tensor(1)
565,tensor(7),tensor(7)
566,tensor(12),tensor(12)
567,tensor(6),tensor(8)
568,tensor(8),tensor(8)
569,tensor(9),tensor(9)
570,tensor(9),tensor(9)
571,tensor(10),tensor(10)
572,tensor(4),tensor(12)
573,tensor(1),tensor(1)
574,tensor(9),tensor(9)
575,tensor(8),tensor(8)
576,tensor(14),tensor(14)
577,tensor(2),tensor(2)
578,tensor(13),tensor(13)
579,tensor(13),tensor(13)
580,tensor(11),tensor(11)
581,tensor(10),tensor(10)
582,tensor(11),tensor(9)
583,tensor(14),tensor(14)
584,tensor(12),tensor(12)
585,tensor(3),tensor(3)
586,tensor(0),tensor(0)
587,tensor(11),tensor(11)
588,tensor(2),tensor(2)
589,tensor(8),tensor(8)
590,tensor(10),tensor(10)
591,tensor(0),tensor(7)
592,tensor(1),tensor(1)
593,tensor(4),tensor(3)
594,tensor(13),tensor(13)
595,tensor(13),tensor(13)
596,tensor(2),tensor(2)
597,tensor(13),tensor(9)
598,tensor(4),tensor(4)
599,tensor(2),tensor(1)
600,tensor(14),tensor(14)
601,tensor(13),tensor(13)
602,tensor(8),tensor(8)
603,tensor(7),tensor(7)
604,tensor(12),tensor(12)
605,tensor(7),tensor(7)
606,tensor(13),tensor(13)
607,tensor(13),tensor(13)
608,tensor(10),tensor(10)
609,tensor(7),tensor(7)
610,tensor(4),tensor(4)
611,tensor(3),tensor(3)
612,tensor(1),tensor(1)
613,tensor(11),tensor(11)
614,tensor(0),tensor(0)
615,tensor(0),tensor(7)
616,tensor(10),tensor(9)
617,tensor(8),tensor(8)
618,tensor(6),tensor(6)
619,tensor(5),tensor(5)
620,tensor(8),tensor(8)
621,tensor(4),tensor(4)
622,tensor(13),tensor(13)
623,tensor(0),tensor(8)
624,tensor(0),tensor(0)
625,tensor(4),tensor(4)
626,tensor(6),tensor(13)
627,tensor(9),tensor(5)
628,tensor(2),tensor(2)
629,tensor(7),tensor(7)
630,tensor(0),tensor(7)
631,tensor(7),tensor(7)
632,tensor(12),tensor(12)
633,tensor(6),tensor(6)
634,tensor(2),tensor(2)
635,tensor(14),tensor(14)
636,tensor(14),tensor(14)
637,tensor(8),tensor(6)
638,tensor(1),tensor(1)
639,tensor(2),tensor(2)
640,tensor(12),tensor(4)
641,tensor(9),tensor(13)
642,tensor(11),tensor(11)
643,tensor(10),tensor(7)
644,tensor(1),tensor(1)
645,tensor(2),tensor(2)
646,tensor(4),tensor(7)
647,tensor(14),tensor(14)
648,tensor(8),tensor(8)
649,tensor(12),tensor(12)
650,tensor(10),tensor(13)
651,tensor(13),tensor(13)
652,tensor(14),tensor(14)
653,tensor(10),tensor(2)
654,tensor(4),tensor(4)
655,tensor(2),tensor(2)
656,tensor(2),tensor(2)
657,tensor(3),tensor(3)
658,tensor(3),tensor(7)
659,tensor(5),tensor(5)
660,tensor(0),tensor(0)
661,tensor(9),tensor(13)
662,tensor(12),tensor(12)
663,tensor(13),tensor(13)
664,tensor(10),tensor(13)
665,tensor(4),tensor(4)
666,tensor(9),tensor(13)
667,tensor(10),tensor(10)
668,tensor(0),tensor(0)
669,tensor(0),tensor(0)
670,tensor(7),tensor(7)
671,tensor(1),tensor(1)
672,tensor(8),tensor(8)
673,tensor(0),tensor(4)
674,tensor(1),tensor(11)
675,tensor(6),tensor(6)
676,tensor(5),tensor(5)
677,tensor(6),tensor(6)
678,tensor(0),tensor(4)
679,tensor(1),tensor(2)
680,tensor(10),tensor(10)
681,tensor(8),tensor(8)
682,tensor(8),tensor(8)
683,tensor(8),tensor(8)
684,tensor(1),tensor(1)
685,tensor(12),tensor(12)
686,tensor(5),tensor(5)
687,tensor(6),tensor(6)
688,tensor(12),tensor(12)
689,tensor(12),tensor(12)
690,tensor(5),tensor(5)
691,tensor(2),tensor(2)
692,tensor(4),tensor(4)
693,tensor(1),tensor(1)
694,tensor(1),tensor(1)
695,tensor(5),tensor(7)
696,tensor(8),tensor(8)
697,tensor(11),tensor(11)
698,tensor(9),tensor(13)
699,tensor(6),tensor(6)
700,tensor(6),tensor(13)
701,tensor(9),tensor(1)
702,tensor(9),tensor(4)
703,tensor(7),tensor(7)
704,tensor(2),tensor(12)
705,tensor(12),tensor(12)
706,tensor(11),tensor(8)
707,tensor(3),tensor(13)
708,tensor(0),tensor(0)
709,tensor(11),tensor(11)
710,tensor(3),tensor(3)
711,tensor(10),tensor(10)
712,tensor(13),tensor(13)
713,tensor(13),tensor(6)
714,tensor(9),tensor(4)
715,tensor(3),tensor(3)
716,tensor(7),tensor(7)
717,tensor(10),tensor(10)
718,tensor(6),tensor(6)
719,tensor(8),tensor(8)
720,tensor(6),tensor(6)
721,tensor(12),tensor(12)
722,tensor(2),tensor(2)
723,tensor(5),tensor(11)
724,tensor(4),tensor(4)
725,tensor(5),tensor(0)
726,tensor(7),tensor(7)
727,tensor(10),tensor(8)
728,tensor(0),tensor(0)
729,tensor(3),tensor(3)
730,tensor(0),tensor(0)
731,tensor(3),tensor(3)
732,tensor(7),tensor(7)
733,tensor(7),tensor(7)
734,tensor(12),tensor(12)
735,tensor(1),tensor(1)
736,tensor(1),tensor(1)
737,tensor(14),tensor(3)
738,tensor(4),tensor(4)
739,tensor(9),tensor(9)
740,tensor(13),tensor(12)
741,tensor(4),tensor(4)
742,tensor(6),tensor(6)
743,tensor(11),tensor(8)
744,tensor(4),tensor(13)
745,tensor(1),tensor(1)
746,tensor(7),tensor(7)
747,tensor(3),tensor(3)
748,tensor(1),tensor(1)
749,tensor(10),tensor(4)
750,tensor(7),tensor(7)
751,tensor(0),tensor(0)
752,tensor(2),tensor(2)
753,tensor(11),tensor(7)
754,tensor(3),tensor(9)
755,tensor(6),tensor(6)
756,tensor(2),tensor(1)
757,tensor(3),tensor(3)
758,tensor(5),tensor(5)
759,tensor(13),tensor(13)
760,tensor(1),tensor(1)
761,tensor(9),tensor(9)
762,tensor(10),tensor(10)
763,tensor(0),tensor(0)
764,tensor(0),tensor(0)
765,tensor(8),tensor(8)
766,tensor(5),tensor(5)
767,tensor(5),tensor(5)
768,tensor(2),tensor(2)
769,tensor(5),tensor(9)
770,tensor(3),tensor(3)
771,tensor(13),tensor(13)
772,tensor(12),tensor(4)
773,tensor(7),tensor(7)
774,tensor(12),tensor(12)
775,tensor(9),tensor(9)
776,tensor(5),tensor(12)
777,tensor(8),tensor(8)
778,tensor(3),tensor(3)
779,tensor(2),tensor(2)
780,tensor(14),tensor(10)
781,tensor(12),tensor(12)
782,tensor(0),tensor(0)
783,tensor(9),tensor(7)
784,tensor(11),tensor(3)
785,tensor(7),tensor(7)
786,tensor(14),tensor(10)
787,tensor(1),tensor(1)
788,tensor(4),tensor(0)
789,tensor(8),tensor(8)
790,tensor(9),tensor(9)
791,tensor(4),tensor(4)
792,tensor(14),tensor(10)
793,tensor(8),tensor(11)
794,tensor(13),tensor(9)
795,tensor(3),tensor(3)
796,tensor(5),tensor(5)
797,tensor(4),tensor(4)
798,tensor(9),tensor(9)
799,tensor(14),tensor(14)
800,tensor(0),tensor(0)
801,tensor(14),tensor(14)
802,tensor(6),tensor(6)
803,tensor(14),tensor(14)
804,tensor(9),tensor(9)
805,tensor(6),tensor(6)
806,tensor(6),tensor(6)
807,tensor(7),tensor(7)
808,tensor(12),tensor(8)
809,tensor(9),tensor(9)
810,tensor(6),tensor(6)
811,tensor(13),tensor(5)
812,tensor(0),tensor(0)
813,tensor(13),tensor(4)
814,tensor(9),tensor(9)
815,tensor(12),tensor(6)
816,tensor(10),tensor(10)
817,tensor(13),tensor(13)
818,tensor(13),tensor(13)
819,tensor(11),tensor(11)
820,tensor(12),tensor(12)
821,tensor(7),tensor(7)
822,tensor(8),tensor(11)
823,tensor(11),tensor(11)
824,tensor(7),tensor(0)
825,tensor(6),tensor(6)
826,tensor(1),tensor(9)
827,tensor(6),tensor(6)
828,tensor(3),tensor(3)
829,tensor(7),tensor(7)
830,tensor(10),tensor(10)
831,tensor(11),tensor(14)
832,tensor(4),tensor(4)
833,tensor(9),tensor(10)
834,tensor(8),tensor(8)
835,tensor(10),tensor(10)
836,tensor(11),tensor(14)
837,tensor(12),tensor(12)
838,tensor(5),tensor(5)
839,tensor(9),tensor(9)
840,tensor(10),tensor(14)
841,tensor(7),tensor(7)
842,tensor(9),tensor(9)
843,tensor(3),tensor(3)
844,tensor(14),tensor(10)
845,tensor(8),tensor(8)
846,tensor(14),tensor(14)
847,tensor(12),tensor(12)
848,tensor(5),tensor(5)
849,tensor(2),tensor(2)
850,tensor(11),tensor(11)
851,tensor(4),tensor(4)
852,tensor(9),tensor(9)
853,tensor(4),tensor(8)
854,tensor(3),tensor(3)
855,tensor(7),tensor(14)
856,tensor(1),tensor(1)
857,tensor(9),tensor(9)
858,tensor(12),tensor(12)
859,tensor(1),tensor(1)
860,tensor(2),tensor(2)
861,tensor(11),tensor(9)
862,tensor(13),tensor(13)
863,tensor(11),tensor(11)
864,tensor(13),tensor(14)
865,tensor(4),tensor(4)
866,tensor(8),tensor(8)
867,tensor(2),tensor(2)
868,tensor(6),tensor(6)
869,tensor(8),tensor(8)
870,tensor(4),tensor(12)
871,tensor(11),tensor(11)
872,tensor(11),tensor(14)
873,tensor(1),tensor(1)
874,tensor(14),tensor(11)
875,tensor(0),tensor(0)
876,tensor(3),tensor(3)
877,tensor(11),tensor(11)
878,tensor(2),tensor(2)
879,tensor(14),tensor(14)
880,tensor(10),tensor(10)
881,tensor(11),tensor(11)
882,tensor(5),tensor(5)
883,tensor(6),tensor(6)
884,tensor(9),tensor(9)
885,tensor(1),tensor(1)
886,tensor(5),tensor(5)
887,tensor(12),tensor(12)
888,tensor(9),tensor(9)
889,tensor(1),tensor(1)
890,tensor(1),tensor(1)
891,tensor(10),tensor(10)
892,tensor(1),tensor(3)
893,tensor(5),tensor(5)
894,tensor(7),tensor(7)
895,tensor(7),tensor(7)
896,tensor(6),tensor(6)
897,tensor(2),tensor(2)
898,tensor(4),tensor(4)
899,tensor(7),tensor(11)
900,tensor(13),tensor(6)
901,tensor(14),tensor(11)
902,tensor(7),tensor(10)
903,tensor(4),tensor(4)
904,tensor(4),tensor(4)
905,tensor(6),tensor(6)
906,tensor(4),tensor(4)
907,tensor(9),tensor(5)
908,tensor(5),tensor(5)
909,tensor(3),tensor(3)
910,tensor(0),tensor(0)
911,tensor(2),tensor(2)
912,tensor(5),tensor(3)
913,tensor(8),tensor(8)
914,tensor(10),tensor(14)
915,tensor(12),tensor(12)
916,tensor(3),tensor(3)
917,tensor(5),tensor(5)
918,tensor(0),tensor(0)
919,tensor(14),tensor(11)
920,tensor(3),tensor(9)
921,tensor(11),tensor(11)
922,tensor(7),tensor(7)
923,tensor(6),tensor(6)
924,tensor(7),tensor(7)
925,tensor(10),tensor(11)
926,tensor(8),tensor(8)
927,tensor(2),tensor(5)
928,tensor(0),tensor(0)
929,tensor(2),tensor(2)
930,tensor(13),tensor(13)
931,tensor(9),tensor(9)
932,tensor(12),tensor(12)
933,tensor(1),tensor(1)
934,tensor(9),tensor(9)
935,tensor(6),tensor(6)
936,tensor(6),tensor(6)
937,tensor(5),tensor(5)
938,tensor(8),tensor(12)
939,tensor(1),tensor(1)
940,tensor(7),tensor(5)
941,tensor(3),tensor(3)
942,tensor(7),tensor(8)
943,tensor(2),tensor(2)
944,tensor(0),tensor(1)
945,tensor(13),tensor(13)
946,tensor(12),tensor(12)
947,tensor(0),tensor(0)
948,tensor(7),tensor(7)
949,tensor(6),tensor(6)
950,tensor(5),tensor(5)
951,tensor(7),tensor(7)
952,tensor(0),tensor(0)
953,tensor(6),tensor(14)
954,tensor(10),tensor(10)
955,tensor(10),tensor(10)
956,tensor(4),tensor(4)
957,tensor(11),tensor(11)
958,tensor(11),tensor(11)
959,tensor(11),tensor(11)
960,tensor(9),tensor(9)
961,tensor(4),tensor(4)
962,tensor(1),tensor(2)
963,tensor(1),tensor(1)
964,tensor(3),tensor(3)
965,tensor(4),tensor(4)
966,tensor(6),tensor(7)
967,tensor(6),tensor(8)
968,tensor(2),tensor(2)
969,tensor(9),tensor(9)
970,tensor(6),tensor(6)
971,tensor(8),tensor(2)
972,tensor(5),tensor(5)
973,tensor(4),tensor(4)
974,tensor(11),tensor(11)
975,tensor(10),tensor(14)
976,tensor(7),tensor(7)
977,tensor(14),tensor(14)
978,tensor(13),tensor(13)
979,tensor(5),tensor(5)
980,tensor(11),tensor(14)
981,tensor(4),tensor(12)
982,tensor(12),tensor(12)
983,tensor(13),tensor(13)
984,tensor(13),tensor(13)
985,tensor(5),tensor(5)
986,tensor(9),tensor(9)
987,tensor(2),tensor(2)
988,tensor(14),tensor(14)
989,tensor(0),tensor(0)
990,tensor(7),tensor(7)
991,tensor(3),tensor(3)
992,tensor(13),tensor(13)
993,tensor(8),tensor(8)
994,tensor(9),tensor(9)
995,tensor(8),tensor(2)
996,tensor(0),tensor(0)
997,tensor(5),tensor(5)
998,tensor(6),tensor(6)
999,tensor(1),tensor(1)
1000,tensor(9),tensor(9)
1001,tensor(12),tensor(12)
1002,tensor(9),tensor(9)
1003,tensor(12),tensor(12)
1004,tensor(6),tensor(6)
1005,tensor(8),tensor(11)
1006,tensor(2),tensor(2)
1007,tensor(2),tensor(2)
1008,tensor(4),tensor(4)
1009,tensor(8),tensor(8)
1010,tensor(11),tensor(11)
1011,tensor(11),tensor(14)
1012,tensor(1),tensor(1)
1013,tensor(6),tensor(6)
1014,tensor(1),tensor(1)
1015,tensor(2),tensor(13)
1016,tensor(14),tensor(10)
1017,tensor(3),tensor(3)
1018,tensor(5),tensor(5)
1019,tensor(0),tensor(0)
1020,tensor(7),tensor(7)
1021,tensor(6),tensor(6)
1022,tensor(1),tensor(1)
1023,tensor(7),tensor(7)
1024,tensor(6),tensor(6)
1025,tensor(9),tensor(3)
1026,tensor(2),tensor(2)
1027,tensor(2),tensor(2)
1028,tensor(11),tensor(14)
1029,tensor(0),tensor(0)
1030,tensor(0),tensor(0)
1031,tensor(14),tensor(14)
1032,tensor(8),tensor(8)
1033,tensor(12),tensor(12)
1034,tensor(8),tensor(12)
1035,tensor(3),tensor(3)
1036,tensor(12),tensor(12)
1037,tensor(6),tensor(6)
1038,tensor(6),tensor(13)
1039,tensor(9),tensor(9)
1040,tensor(0),tensor(0)
1041,tensor(11),tensor(11)
1042,tensor(8),tensor(8)
1043,tensor(14),tensor(14)
1044,tensor(2),tensor(2)
1045,tensor(11),tensor(7)
1046,tensor(8),tensor(8)
1047,tensor(9),tensor(9)
1048,tensor(1),tensor(1)
1049,tensor(7),tensor(7)
1050,tensor(14),tensor(10)
1051,tensor(12),tensor(1)
1052,tensor(6),tensor(6)
1053,tensor(14),tensor(14)
1054,tensor(2),tensor(2)
1055,tensor(12),tensor(12)
1056,tensor(6),tensor(6)
1057,tensor(3),tensor(3)
1058,tensor(10),tensor(10)
1059,tensor(12),tensor(12)
1060,tensor(1),tensor(1)
1061,tensor(3),tensor(3)
1062,tensor(12),tensor(12)
1063,tensor(14),tensor(14)
1064,tensor(1),tensor(1)
1065,tensor(7),tensor(7)
1066,tensor(11),tensor(8)
1067,tensor(11),tensor(11)
1068,tensor(14),tensor(10)
1069,tensor(5),tensor(5)
1070,tensor(4),tensor(4)
1071,tensor(7),tensor(6)
1072,tensor(9),tensor(3)
1073,tensor(7),tensor(6)
1074,tensor(8),tensor(8)
1075,tensor(5),tensor(9)
1076,tensor(12),tensor(12)
1077,tensor(3),tensor(3)
1078,tensor(5),tensor(5)
1079,tensor(13),tensor(4)
1080,tensor(6),tensor(6)
1081,tensor(0),tensor(13)
1082,tensor(7),tensor(7)
1083,tensor(12),tensor(9)
1084,tensor(1),tensor(1)
1085,tensor(7),tensor(7)
1086,tensor(3),tensor(3)
1087,tensor(1),tensor(1)
1088,tensor(2),tensor(2)
1089,tensor(5),tensor(5)
1090,tensor(12),tensor(12)
1091,tensor(4),tensor(4)
1092,tensor(14),tensor(10)
1093,tensor(4),tensor(4)
1094,tensor(3),tensor(3)
1095,tensor(11),tensor(11)
1096,tensor(4),tensor(4)
1097,tensor(4),tensor(4)
1098,tensor(0),tensor(0)
1099,tensor(6),tensor(6)
1100,tensor(3),tensor(3)
1101,tensor(4),tensor(4)
1102,tensor(1),tensor(1)
1103,tensor(14),tensor(11)
1104,tensor(1),tensor(1)
1105,tensor(4),tensor(4)
1106,tensor(0),tensor(0)
1107,tensor(12),tensor(12)
1108,tensor(12),tensor(13)
1109,tensor(2),tensor(2)
1110,tensor(5),tensor(7)
1111,tensor(11),tensor(11)
1112,tensor(1),tensor(1)
1113,tensor(1),tensor(1)
1114,tensor(2),tensor(11)
1115,tensor(0),tensor(0)
1116,tensor(0),tensor(0)
1117,tensor(10),tensor(9)
1118,tensor(10),tensor(10)
1119,tensor(6),tensor(6)
1120,tensor(13),tensor(13)
1121,tensor(8),tensor(8)
1122,tensor(9),tensor(9)
1123,tensor(4),tensor(4)
1124,tensor(10),tensor(14)
1125,tensor(11),tensor(11)
1126,tensor(8),tensor(8)
1127,tensor(2),tensor(2)
1128,tensor(0),tensor(0)
1129,tensor(8),tensor(8)
1130,tensor(3),tensor(4)
1131,tensor(14),tensor(14)
1132,tensor(3),tensor(3)
1133,tensor(10),tensor(10)
1134,tensor(6),tensor(6)
1135,tensor(1),tensor(1)
1136,tensor(12),tensor(12)
1137,tensor(7),tensor(7)
1138,tensor(11),tensor(11)
1139,tensor(7),tensor(7)
1140,tensor(10),tensor(7)
1141,tensor(5),tensor(5)
1142,tensor(7),tensor(4)
1143,tensor(14),tensor(14)
1144,tensor(2),tensor(2)
1145,tensor(2),tensor(2)
1146,tensor(12),tensor(12)
1147,tensor(14),tensor(13)
1148,tensor(3),tensor(7)
1149,tensor(0),tensor(0)
1150,tensor(6),tensor(6)
1151,tensor(10),tensor(7)
1152,tensor(3),tensor(4)
1153,tensor(0),tensor(0)
1154,tensor(1),tensor(1)
1155,tensor(3),tensor(3)
1156,tensor(12),tensor(12)
1157,tensor(12),tensor(12)
1158,tensor(10),tensor(12)
1159,tensor(7),tensor(6)
1160,tensor(11),tensor(11)
1161,tensor(8),tensor(8)
1162,tensor(11),tensor(11)
1163,tensor(4),tensor(4)
1164,tensor(3),tensor(6)
1165,tensor(1),tensor(1)
1166,tensor(3),tensor(3)
1167,tensor(4),tensor(4)
1168,tensor(3),tensor(3)
1169,tensor(3),tensor(5)
1170,tensor(2),tensor(8)
1171,tensor(7),tensor(7)
1172,tensor(7),tensor(6)
1173,tensor(10),tensor(14)
1174,tensor(8),tensor(8)
1175,tensor(8),tensor(8)
1176,tensor(14),tensor(14)
1177,tensor(1),tensor(1)
1178,tensor(11),tensor(0)
1179,tensor(11),tensor(11)
1180,tensor(13),tensor(6)
1181,tensor(3),tensor(3)
1182,tensor(13),tensor(4)
1183,tensor(14),tensor(14)
1184,tensor(8),tensor(8)
1185,tensor(14),tensor(14)
1186,tensor(13),tensor(6)
1187,tensor(7),tensor(7)
1188,tensor(3),tensor(3)
1189,tensor(11),tensor(11)
1190,tensor(7),tensor(7)
1191,tensor(13),tensor(13)
1192,tensor(10),tensor(10)
1193,tensor(5),tensor(5)
1194,tensor(4),tensor(4)
1195,tensor(4),tensor(4)
1196,tensor(4),tensor(4)
1197,tensor(9),tensor(3)
1198,tensor(7),tensor(7)
1199,tensor(12),tensor(12)
1200,tensor(11),tensor(11)
1201,tensor(13),tensor(13)
1202,tensor(3),tensor(3)
1203,tensor(0),tensor(0)
1204,tensor(9),tensor(8)
1205,tensor(9),tensor(9)
1206,tensor(0),tensor(0)
1207,tensor(10),tensor(12)
1208,tensor(1),tensor(1)
1209,tensor(10),tensor(12)
1210,tensor(7),tensor(7)
1211,tensor(8),tensor(8)
1212,tensor(1),tensor(1)
1213,tensor(1),tensor(1)
1214,tensor(14),tensor(11)
1215,tensor(8),tensor(8)
1216,tensor(5),tensor(5)
1217,tensor(3),tensor(3)
1218,tensor(4),tensor(14)
1219,tensor(11),tensor(11)
1220,tensor(1),tensor(1)
1221,tensor(6),tensor(6)
1222,tensor(7),tensor(7)
1223,tensor(6),tensor(6)
1224,tensor(4),tensor(12)
1225,tensor(4),tensor(4)
1226,tensor(13),tensor(4)
1227,tensor(4),tensor(12)
1228,tensor(4),tensor(13)
1229,tensor(12),tensor(12)
1230,tensor(11),tensor(11)
1231,tensor(13),tensor(13)
1232,tensor(7),tensor(14)
1233,tensor(7),tensor(7)
1234,tensor(9),tensor(10)
1235,tensor(2),tensor(2)
1236,tensor(4),tensor(4)
1237,tensor(13),tensor(12)
1238,tensor(10),tensor(10)
1239,tensor(3),tensor(3)
1240,tensor(10),tensor(10)
1241,tensor(10),tensor(10)
1242,tensor(11),tensor(11)
1243,tensor(14),tensor(14)
1244,tensor(10),tensor(12)
1245,tensor(5),tensor(5)
1246,tensor(6),tensor(6)
1247,tensor(4),tensor(4)
1248,tensor(11),tensor(11)
1249,tensor(9),tensor(8)
1250,tensor(0),tensor(0)
1251,tensor(3),tensor(3)
1252,tensor(3),tensor(3)
1253,tensor(4),tensor(4)
1254,tensor(5),tensor(7)
1255,tensor(1),tensor(9)
1256,tensor(14),tensor(14)
1257,tensor(5),tensor(5)
1258,tensor(10),tensor(9)
1259,tensor(7),tensor(7)
1260,tensor(5),tensor(5)
1261,tensor(7),tensor(7)
1262,tensor(4),tensor(4)
1263,tensor(6),tensor(8)
1264,tensor(12),tensor(12)
1265,tensor(9),tensor(9)
1266,tensor(13),tensor(13)
1267,tensor(1),tensor(1)
1268,tensor(3),tensor(3)
1269,tensor(14),tensor(14)
1270,tensor(11),tensor(11)
1271,tensor(1),tensor(1)
1272,tensor(6),tensor(8)
1273,tensor(6),tensor(8)
1274,tensor(9),tensor(9)
1275,tensor(0),tensor(0)
1276,tensor(3),tensor(3)
1277,tensor(12),tensor(9)
1278,tensor(10),tensor(11)
1279,tensor(0),tensor(0)
1280,tensor(8),tensor(8)
1281,tensor(11),tensor(11)
1282,tensor(1),tensor(1)
1283,tensor(1),tensor(1)
1284,tensor(13),tensor(4)
1285,tensor(13),tensor(13)
1286,tensor(5),tensor(5)
1287,tensor(6),tensor(10)
1288,tensor(10),tensor(10)
1289,tensor(14),tensor(14)
1290,tensor(6),tensor(6)
1291,tensor(14),tensor(14)
1292,tensor(1),tensor(1)
1293,tensor(3),tensor(3)
1294,tensor(9),tensor(9)
1295,tensor(8),tensor(8)
1296,tensor(2),tensor(11)
1297,tensor(1),tensor(1)
1298,tensor(0),tensor(0)
1299,tensor(0),tensor(0)
1300,tensor(6),tensor(6)
1301,tensor(2),tensor(2)
1302,tensor(2),tensor(2)
1303,tensor(3),tensor(3)
1304,tensor(0),tensor(0)
1305,tensor(4),tensor(4)
1306,tensor(13),tensor(13)
1307,tensor(13),tensor(6)
1308,tensor(11),tensor(11)
1309,tensor(9),tensor(9)
1310,tensor(14),tensor(14)
1311,tensor(12),tensor(4)
1312,tensor(9),tensor(9)
1313,tensor(4),tensor(10)
1314,tensor(11),tensor(14)
1315,tensor(10),tensor(10)
1316,tensor(4),tensor(4)
1317,tensor(3),tensor(3)
1318,tensor(2),tensor(2)
1319,tensor(11),tensor(11)
1320,tensor(12),tensor(4)
1321,tensor(12),tensor(12)
1322,tensor(3),tensor(3)
1323,tensor(3),tensor(3)
1324,tensor(7),tensor(7)
1325,tensor(2),tensor(2)
1326,tensor(5),tensor(3)
1327,tensor(9),tensor(9)
1328,tensor(2),tensor(2)
1329,tensor(4),tensor(10)
1330,tensor(2),tensor(2)
1331,tensor(1),tensor(1)
1332,tensor(2),tensor(2)
1333,tensor(3),tensor(3)
1334,tensor(13),tensor(13)
1335,tensor(6),tensor(6)
1336,tensor(10),tensor(10)
1337,tensor(14),tensor(14)
1338,tensor(2),tensor(2)
1339,tensor(8),tensor(8)
1340,tensor(10),tensor(10)
1341,tensor(10),tensor(10)
1342,tensor(3),tensor(3)
1343,tensor(1),tensor(1)
1344,tensor(2),tensor(2)
1345,tensor(13),tensor(13)
1346,tensor(13),tensor(13)
1347,tensor(3),tensor(3)
1348,tensor(14),tensor(14)
1349,tensor(4),tensor(4)
1350,tensor(4),tensor(4)
1351,tensor(1),tensor(1)
1352,tensor(8),tensor(8)
1353,tensor(9),tensor(9)
1354,tensor(7),tensor(7)
1355,tensor(2),tensor(2)
1356,tensor(1),tensor(1)
1357,tensor(13),tensor(13)
1358,tensor(9),tensor(9)
1359,tensor(2),tensor(2)
1360,tensor(3),tensor(3)
1361,tensor(12),tensor(12)
1362,tensor(5),tensor(5)
1363,tensor(10),tensor(10)
1364,tensor(11),tensor(2)
1365,tensor(3),tensor(3)
1366,tensor(1),tensor(9)
1367,tensor(1),tensor(1)
1368,tensor(14),tensor(14)
1369,tensor(2),tensor(2)
1370,tensor(10),tensor(10)
1371,tensor(4),tensor(4)
1372,tensor(6),tensor(7)
1373,tensor(14),tensor(14)
1374,tensor(10),tensor(14)
1375,tensor(11),tensor(2)
1376,tensor(10),tensor(4)
1377,tensor(8),tensor(8)
1378,tensor(10),tensor(11)
1379,tensor(6),tensor(6)
1380,tensor(5),tensor(5)
1381,tensor(3),tensor(3)
1382,tensor(2),tensor(2)
1383,tensor(2),tensor(2)
1384,tensor(12),tensor(12)
1385,tensor(1),tensor(1)
1386,tensor(3),tensor(3)
1387,tensor(10),tensor(4)
1388,tensor(5),tensor(5)
1389,tensor(10),tensor(11)
1390,tensor(13),tensor(13)
1391,tensor(3),tensor(14)
1392,tensor(12),tensor(12)
1393,tensor(4),tensor(13)
1394,tensor(0),tensor(0)
1395,tensor(4),tensor(4)
1396,tensor(7),tensor(5)
1397,tensor(1),tensor(1)
1398,tensor(1),tensor(10)
1399,tensor(2),tensor(2)
1400,tensor(13),tensor(12)
1401,tensor(10),tensor(10)
1402,tensor(4),tensor(3)
1403,tensor(13),tensor(12)
1404,tensor(13),tensor(13)
1405,tensor(3),tensor(3)
1406,tensor(14),tensor(14)
1407,tensor(0),tensor(0)
1408,tensor(6),tensor(6)
1409,tensor(9),tensor(10)
1410,tensor(6),tensor(6)
1411,tensor(7),tensor(6)
1412,tensor(6),tensor(6)
1413,tensor(0),tensor(0)
1414,tensor(10),tensor(10)
1415,tensor(1),tensor(1)
1416,tensor(14),tensor(14)
1417,tensor(0),tensor(0)
1418,tensor(5),tensor(5)
1419,tensor(10),tensor(10)
1420,tensor(4),tensor(13)
1421,tensor(8),tensor(2)
1422,tensor(3),tensor(3)
1423,tensor(10),tensor(10)
1424,tensor(3),tensor(3)
1425,tensor(2),tensor(2)
1426,tensor(1),tensor(1)
1427,tensor(0),tensor(7)
1428,tensor(12),tensor(12)
1429,tensor(1),tensor(1)
1430,tensor(14),tensor(14)
1431,tensor(3),tensor(3)
1432,tensor(0),tensor(0)
1433,tensor(6),tensor(6)
1434,tensor(3),tensor(3)
1435,tensor(2),tensor(2)
1436,tensor(0),tensor(0)
1437,tensor(12),tensor(12)
1438,tensor(4),tensor(13)
1439,tensor(5),tensor(5)
1440,tensor(13),tensor(13)
1441,tensor(6),tensor(6)
1442,tensor(2),tensor(1)
1443,tensor(9),tensor(9)
1444,tensor(8),tensor(8)
1445,tensor(6),tensor(13)
1446,tensor(6),tensor(6)
1447,tensor(1),tensor(1)
1448,tensor(11),tensor(11)
1449,tensor(7),tensor(7)
1450,tensor(10),tensor(10)
1451,tensor(4),tensor(4)
1452,tensor(2),tensor(2)
1453,tensor(7),tensor(7)
1454,tensor(0),tensor(0)
1455,tensor(3),tensor(3)
1456,tensor(2),tensor(2)
1457,tensor(13),tensor(13)
1458,tensor(5),tensor(5)
1459,tensor(12),tensor(12)
1460,tensor(11),tensor(11)
1461,tensor(2),tensor(2)
1462,tensor(10),tensor(10)
1463,tensor(0),tensor(0)
1464,tensor(13),tensor(4)
1465,tensor(5),tensor(5)
1466,tensor(9),tensor(9)
1467,tensor(0),tensor(0)
1468,tensor(14),tensor(4)
1469,tensor(9),tensor(7)
1470,tensor(8),tensor(8)
1471,tensor(11),tensor(7)
1472,tensor(2),tensor(2)
1473,tensor(12),tensor(12)
1474,tensor(11),tensor(10)
1475,tensor(11),tensor(11)
1476,tensor(2),tensor(3)
1477,tensor(9),tensor(9)
1478,tensor(6),tensor(6)
1479,tensor(14),tensor(10)
1480,tensor(8),tensor(8)
1481,tensor(0),tensor(0)
1482,tensor(6),tensor(6)
1483,tensor(11),tensor(14)
1484,tensor(5),tensor(5)
1485,tensor(7),tensor(7)
1486,tensor(1),tensor(1)
1487,tensor(3),tensor(3)
1488,tensor(12),tensor(12)
1489,tensor(8),tensor(9)
1490,tensor(8),tensor(12)
1491,tensor(0),tensor(0)
1492,tensor(13),tensor(13)
1493,tensor(5),tensor(5)
1494,tensor(7),tensor(5)
1495,tensor(6),tensor(6)
1496,tensor(9),tensor(9)
1497,tensor(13),tensor(13)
1498,tensor(13),tensor(4)
1499,tensor(0),tensor(0)
1500,tensor(14),tensor(11)
1501,tensor(14),tensor(14)
1502,tensor(9),tensor(9)
1503,tensor(4),tensor(4)
1504,tensor(1),tensor(1)
1505,tensor(4),tensor(4)
1506,tensor(12),tensor(9)
1507,tensor(12),tensor(10)
1508,tensor(3),tensor(3)
1509,tensor(11),tensor(11)
1510,tensor(5),tensor(5)
1511,tensor(13),tensor(13)
1512,tensor(2),tensor(2)
1513,tensor(8),tensor(12)
1514,tensor(12),tensor(4)
1515,tensor(6),tensor(6)
1516,tensor(9),tensor(9)
1517,tensor(13),tensor(13)
1518,tensor(5),tensor(5)
1519,tensor(7),tensor(7)
1520,tensor(7),tensor(7)
1521,tensor(2),tensor(2)
1522,tensor(5),tensor(5)
1523,tensor(3),tensor(3)
1524,tensor(7),tensor(7)
1525,tensor(10),tensor(10)
1526,tensor(0),tensor(0)
1527,tensor(14),tensor(11)
1528,tensor(4),tensor(4)
1529,tensor(12),tensor(12)
1530,tensor(13),tensor(13)
1531,tensor(2),tensor(2)
1532,tensor(2),tensor(2)
1533,tensor(11),tensor(11)
1534,tensor(13),tensor(13)
1535,tensor(0),tensor(0)
1536,tensor(11),tensor(9)
1537,tensor(5),tensor(5)
1538,tensor(8),tensor(12)
1539,tensor(9),tensor(9)
1540,tensor(2),tensor(2)
1541,tensor(6),tensor(6)
1542,tensor(7),tensor(6)
1543,tensor(11),tensor(11)
1544,tensor(7),tensor(7)
1545,tensor(14),tensor(14)
1546,tensor(3),tensor(3)
1547,tensor(6),tensor(6)
1548,tensor(12),tensor(12)
1549,tensor(2),tensor(2)
1550,tensor(13),tensor(13)
1551,tensor(2),tensor(2)
1552,tensor(11),tensor(11)
1553,tensor(11),tensor(11)
1554,tensor(4),tensor(4)
1555,tensor(12),tensor(9)
1556,tensor(0),tensor(0)
1557,tensor(10),tensor(10)
1558,tensor(9),tensor(9)
1559,tensor(3),tensor(3)
1560,tensor(12),tensor(12)
1561,tensor(8),tensor(6)
1562,tensor(6),tensor(7)
1563,tensor(1),tensor(2)
1564,tensor(1),tensor(1)
1565,tensor(1),tensor(2)
1566,tensor(12),tensor(12)
1567,tensor(3),tensor(3)
1568,tensor(3),tensor(3)
1569,tensor(3),tensor(3)
1570,tensor(2),tensor(2)
1571,tensor(12),tensor(12)
1572,tensor(0),tensor(0)
1573,tensor(12),tensor(12)
1574,tensor(8),tensor(8)
1575,tensor(14),tensor(11)
1576,tensor(8),tensor(8)
1577,tensor(7),tensor(7)
1578,tensor(11),tensor(11)
1579,tensor(0),tensor(0)
1580,tensor(12),tensor(9)
1581,tensor(11),tensor(11)
1582,tensor(0),tensor(0)
1583,tensor(12),tensor(4)
1584,tensor(10),tensor(2)
1585,tensor(0),tensor(0)
1586,tensor(8),tensor(8)
1587,tensor(5),tensor(5)
1588,tensor(5),tensor(5)
1589,tensor(4),tensor(4)
1590,tensor(6),tensor(6)
1591,tensor(7),tensor(7)
1592,tensor(12),tensor(12)
1593,tensor(13),tensor(13)
1594,tensor(10),tensor(10)
1595,tensor(3),tensor(3)
1596,tensor(7),tensor(7)
1597,tensor(4),tensor(4)
1598,tensor(9),tensor(9)
1599,tensor(9),tensor(9)
1600,tensor(7),tensor(7)
1601,tensor(8),tensor(8)
1602,tensor(12),tensor(9)
1603,tensor(12),tensor(12)
1604,tensor(14),tensor(11)
1605,tensor(14),tensor(14)
1606,tensor(12),tensor(12)
1607,tensor(11),tensor(11)
1608,tensor(2),tensor(2)
1609,tensor(12),tensor(12)
1610,tensor(2),tensor(2)
1611,tensor(14),tensor(14)
1612,tensor(8),tensor(8)
1613,tensor(1),tensor(1)
1614,tensor(5),tensor(5)
1615,tensor(0),tensor(0)
1616,tensor(5),tensor(9)
1617,tensor(4),tensor(4)
1618,tensor(3),tensor(3)
1619,tensor(6),tensor(6)
1620,tensor(0),tensor(0)
1621,tensor(6),tensor(6)
1622,tensor(2),tensor(2)
1623,tensor(7),tensor(7)
1624,tensor(8),tensor(8)
1625,tensor(14),tensor(14)
1626,tensor(4),tensor(4)
1627,tensor(7),tensor(7)
1628,tensor(3),tensor(3)
1629,tensor(5),tensor(5)
1630,tensor(13),tensor(13)
1631,tensor(8),tensor(8)
1632,tensor(2),tensor(2)
1633,tensor(3),tensor(3)
1634,tensor(7),tensor(7)
1635,tensor(2),tensor(2)
1636,tensor(9),tensor(9)
1637,tensor(14),tensor(11)
1638,tensor(2),tensor(2)
1639,tensor(5),tensor(5)
1640,tensor(1),tensor(1)
1641,tensor(7),tensor(7)
1642,tensor(2),tensor(2)
1643,tensor(10),tensor(10)
1644,tensor(10),tensor(10)
1645,tensor(2),tensor(2)
1646,tensor(10),tensor(14)
1647,tensor(5),tensor(5)
1648,tensor(12),tensor(12)
1649,tensor(0),tensor(0)
1650,tensor(10),tensor(8)
1651,tensor(1),tensor(1)
1652,tensor(13),tensor(12)
1653,tensor(6),tensor(13)
1654,tensor(8),tensor(8)
1655,tensor(8),tensor(8)
1656,tensor(8),tensor(8)
1657,tensor(2),tensor(2)
1658,tensor(3),tensor(3)
1659,tensor(5),tensor(5)
1660,tensor(5),tensor(8)
1661,tensor(1),tensor(1)
1662,tensor(14),tensor(8)
1663,tensor(1),tensor(1)
1664,tensor(7),tensor(7)
1665,tensor(13),tensor(13)
1666,tensor(9),tensor(9)
1667,tensor(9),tensor(9)
1668,tensor(4),tensor(4)
1669,tensor(12),tensor(12)
1670,tensor(10),tensor(14)
1671,tensor(13),tensor(13)
1672,tensor(12),tensor(12)
1673,tensor(8),tensor(8)
1674,tensor(1),tensor(1)
1675,tensor(5),tensor(5)
1676,tensor(1),tensor(1)
1677,tensor(10),tensor(10)
1678,tensor(5),tensor(5)
1679,tensor(9),tensor(11)
1680,tensor(14),tensor(14)
1681,tensor(9),tensor(9)
1682,tensor(7),tensor(7)
1683,tensor(11),tensor(11)
1684,tensor(9),tensor(9)
1685,tensor(6),tensor(6)
1686,tensor(12),tensor(12)
1687,tensor(6),tensor(6)
1688,tensor(13),tensor(13)
1689,tensor(13),tensor(13)
1690,tensor(13),tensor(12)
1691,tensor(7),tensor(7)
1692,tensor(11),tensor(11)
1693,tensor(8),tensor(8)
1694,tensor(11),tensor(11)
1695,tensor(5),tensor(5)
1696,tensor(9),tensor(12)
1697,tensor(4),tensor(4)
1698,tensor(12),tensor(12)
1699,tensor(4),tensor(4)
1700,tensor(13),tensor(12)
1701,tensor(5),tensor(5)
1702,tensor(7),tensor(7)
1703,tensor(2),tensor(2)
1704,tensor(8),tensor(8)
1705,tensor(13),tensor(13)
1706,tensor(13),tensor(12)
1707,tensor(8),tensor(8)
1708,tensor(9),tensor(1)
1709,tensor(7),tensor(7)
1710,tensor(8),tensor(8)
1711,tensor(8),tensor(8)
1712,tensor(6),tensor(7)
1713,tensor(13),tensor(13)
1714,tensor(7),tensor(6)
1715,tensor(1),tensor(1)
1716,tensor(11),tensor(11)
1717,tensor(5),tensor(5)
1718,tensor(13),tensor(13)
1719,tensor(2),tensor(2)
1720,tensor(13),tensor(13)
1721,tensor(6),tensor(6)
1722,tensor(7),tensor(7)
1723,tensor(7),tensor(7)
1724,tensor(10),tensor(10)
1725,tensor(13),tensor(13)
1726,tensor(6),tensor(8)
1727,tensor(4),tensor(12)
1728,tensor(7),tensor(7)
1729,tensor(1),tensor(1)
1730,tensor(9),tensor(9)
1731,tensor(5),tensor(5)
1732,tensor(13),tensor(13)
1733,tensor(4),tensor(4)
1734,tensor(1),tensor(1)
1735,tensor(1),tensor(1)
1736,tensor(2),tensor(2)
1737,tensor(9),tensor(9)
1738,tensor(1),tensor(1)
1739,tensor(5),tensor(5)
1740,tensor(14),tensor(14)
1741,tensor(5),tensor(5)
1742,tensor(8),tensor(8)
1743,tensor(13),tensor(10)
1744,tensor(9),tensor(12)
1745,tensor(14),tensor(13)
1746,tensor(1),tensor(1)
1747,tensor(3),tensor(2)
1748,tensor(5),tensor(5)
1749,tensor(1),tensor(1)
1750,tensor(1),tensor(1)
1751,tensor(14),tensor(6)
1752,tensor(12),tensor(13)
1753,tensor(3),tensor(5)
1754,tensor(5),tensor(5)
1755,tensor(4),tensor(4)
1756,tensor(3),tensor(3)
1757,tensor(4),tensor(4)
1758,tensor(7),tensor(7)
1759,tensor(14),tensor(11)
1760,tensor(9),tensor(9)
1761,tensor(5),tensor(5)
1762,tensor(14),tensor(14)
1763,tensor(3),tensor(14)
1764,tensor(2),tensor(2)
1765,tensor(3),tensor(3)
1766,tensor(9),tensor(9)
1767,tensor(6),tensor(6)
1768,tensor(6),tensor(6)
1769,tensor(5),tensor(5)
1770,tensor(7),tensor(6)
1771,tensor(5),tensor(5)
1772,tensor(14),tensor(13)
1773,tensor(3),tensor(4)
1774,tensor(3),tensor(3)
1775,tensor(5),tensor(5)
1776,tensor(7),tensor(7)
1777,tensor(7),tensor(7)
1778,tensor(7),tensor(7)
1779,tensor(9),tensor(9)
1780,tensor(8),tensor(8)
1781,tensor(13),tensor(13)
1782,tensor(1),tensor(1)
1783,tensor(14),tensor(10)
1784,tensor(0),tensor(0)
1785,tensor(0),tensor(0)
1786,tensor(5),tensor(5)
1787,tensor(11),tensor(14)
1788,tensor(13),tensor(13)
1789,tensor(3),tensor(3)
1790,tensor(8),tensor(8)
1791,tensor(4),tensor(4)
1792,tensor(9),tensor(12)
1793,tensor(2),tensor(1)
1794,tensor(6),tensor(6)
1795,tensor(6),tensor(6)
1796,tensor(9),tensor(9)
1797,tensor(0),tensor(0)
1798,tensor(9),tensor(9)
1799,tensor(12),tensor(12)
1800,tensor(11),tensor(10)
1801,tensor(1),tensor(1)
1802,tensor(5),tensor(5)
1803,tensor(0),tensor(0)
